City,Lat,Lng,Max Temp,Humidity,Cloudiness,Wind Speed,Country,Date
ust-kuyga,70.02,135.6,54.82400000000001,47.0,100.0,3.2,RU,08-18-2020
kanepi,57.98,26.76,50.0,87.0,100.0,1.3,EE,08-18-2020
bluff,-46.6,168.33,46.65200000000008,59.0,100.0,1.34,NZ,08-18-2020
misawa,40.68,141.36,78.8,65.0,40.0,3.1,JP,08-18-2020
cabo san lucas,22.89,-109.91,84.99199999999999,70.0,5.0,1.61,MX,08-18-2020
mount gambier,-37.83,140.77,51.8,93.0,75.0,4.6,AU,08-18-2020
vestmannaeyjar,63.44,-20.27,53.096000000000046,92.0,98.0,2.31,IS,08-18-2020
guerrero negro,27.98,-114.06,75.434,70.0,0.0,7.99,MX,08-18-2020
jaora,23.63,75.13,75.84800000000003,93.0,100.0,5.63,IN,08-18-2020
cabra,37.47,-4.44,71.00600000000003,57.0,0.0,0.64,ES,08-18-2020
ushuaia,-54.8,-68.3,30.11000000000008,95.0,100.0,1.17,AR,08-18-2020
cape town,-33.93,18.42,51.008,76.0,20.0,3.6,ZA,08-18-2020
ola,59.58,151.28,59.504000000000055,66.0,100.0,2.24,RU,08-18-2020
hobart,-42.88,147.33,51.8,76.0,75.0,3.1,AU,08-18-2020
inirida,3.87,-67.92,73.99400000000007,96.0,95.0,0.94,CO,08-18-2020
souillac,-20.52,57.52,71.6,78.0,40.0,6.7,MU,08-18-2020
port elizabeth,-33.92,25.57,48.2,70.0,40.0,14.4,ZA,08-18-2020
san pedro,14.35,121.02,89.00600000000003,74.0,40.0,2.1,PH,08-18-2020
vaini,-21.2,-175.2,75.2,78.0,75.0,5.7,TO,08-18-2020
estelle,29.85,-90.11,87.99800000000002,100.0,75.0,2.5,US,08-18-2020
beni,0.5,29.47,62.24000000000002,100.0,100.0,0.75,CD,08-18-2020
pevek,69.7,170.31,39.74000000000002,87.0,99.0,4.64,RU,08-18-2020
basco,20.45,121.97,84.434,80.0,71.0,5.99,PH,08-18-2020
ribeira grande,38.52,-28.7,73.59800000000003,91.0,99.0,4.77,PT,08-18-2020
sitka,57.05,-135.33,60.8,72.0,90.0,2.1,US,08-18-2020
ambilobe,-13.2,49.05,65.89400000000008,73.0,5.0,1.3,MG,08-18-2020
airai,-8.93,125.41,72.80600000000003,46.0,0.0,2.76,TL,08-18-2020
norman wells,65.28,-126.83,60.8,59.0,75.0,5.1,CA,08-18-2020
puerto ayora,-0.74,-90.35,66.99199999999999,93.0,80.0,3.64,EC,08-18-2020
morros,-9.45,-46.3,75.65,41.0,36.0,2.44,BR,08-18-2020
akonolinga,3.77,12.25,68.64800000000002,97.0,100.0,1.39,CM,08-18-2020
kaitangata,-46.28,169.85,51.008,59.0,100.0,3.69,NZ,08-18-2020
busselton,-33.65,115.33,57.992,53.0,78.0,6.67,AU,08-18-2020
pareora,-44.49,171.21,50.0,77.0,89.0,1.34,NZ,08-18-2020
suntar,62.14,117.63,65.62400000000001,40.0,0.0,1.14,RU,08-18-2020
kosa,59.94,55.0,48.65,97.0,100.0,5.17,RU,08-18-2020
punta arenas,-53.15,-70.92,35.6,64.0,47.0,5.7,CL,08-18-2020
albany,42.6,-73.97,68.0,76.0,98.0,2.23,US,08-18-2020
thompson,55.74,-97.86,62.6,63.0,75.0,1.0,CA,08-18-2020
rikitea,-23.12,-134.97,72.12200000000004,74.0,35.0,3.68,PF,08-18-2020
kavieng,-2.57,150.8,84.092,71.0,2.0,4.07,PG,08-18-2020
severobaykalsk,55.65,109.32,58.02800000000006,59.0,0.0,1.09,RU,08-18-2020
wajid,3.81,43.25,72.42800000000007,54.0,88.0,7.39,SO,08-18-2020
ugoofaaru,5.67,73.0,82.79600000000005,71.0,100.0,2.53,MV,08-18-2020
lompoc,34.64,-120.46,69.8,73.0,1.0,6.2,US,08-18-2020
planaltina,-15.45,-47.61,77.0,47.0,0.0,1.5,BR,08-18-2020
yumen,40.28,97.2,74.80400000000006,19.0,0.0,2.86,CN,08-18-2020
ixtapa,20.7,-105.2,78.00800000000001,83.0,90.0,2.1,MX,08-18-2020
severo-kurilsk,50.68,156.12,55.148000000000025,83.0,97.0,3.59,RU,08-18-2020
chumikan,54.72,135.31,52.412000000000056,96.0,100.0,6.02,RU,08-18-2020
christchurch,-43.53,172.63,53.00600000000003,71.0,100.0,10.8,NZ,08-18-2020
odweyne,9.41,45.06,71.34800000000003,65.0,100.0,9.29,SO,08-18-2020
sinnamary,5.38,-52.95,78.566,81.0,100.0,4.54,GF,08-18-2020
high level,58.52,-117.14,73.4,69.0,75.0,3.1,CA,08-18-2020
flin flon,54.77,-101.86,64.02200000000003,71.0,0.0,3.12,CA,08-18-2020
the valley,18.22,-63.06,84.2,74.0,40.0,6.2,AI,08-18-2020
mataura,-46.19,168.86,51.36800000000009,54.0,100.0,1.47,NZ,08-18-2020
lebu,-37.62,-73.65,49.064000000000036,86.0,100.0,2.4,CL,08-18-2020
hermanus,-34.42,19.23,48.00200000000008,82.0,76.0,2.68,ZA,08-18-2020
jamestown,42.1,-79.24,64.4,88.0,75.0,3.6,US,08-18-2020
new norfolk,-42.78,147.06,51.008,89.0,98.0,1.7,AU,08-18-2020
yellowknife,62.46,-114.35,66.99199999999999,59.0,75.0,2.1,CA,08-18-2020
tasiilaq,65.61,-37.64,44.6,93.0,0.0,1.5,GL,08-18-2020
mayumba,-3.43,10.66,74.174,93.0,67.0,3.55,GA,08-18-2020
burns lake,54.23,-125.75,72.5,45.0,44.0,2.54,CA,08-18-2020
coihaique,-45.58,-72.07,35.6,74.0,31.0,2.1,CL,08-18-2020
grandville,42.91,-85.76,71.00600000000003,70.0,27.0,0.45,US,08-18-2020
saint-francois,46.42,3.91,62.6,77.0,38.0,1.05,FR,08-18-2020
bredasdorp,-34.53,20.04,44.6,87.0,90.0,6.2,ZA,08-18-2020
mukhen,48.1,136.1,69.98000000000005,67.0,100.0,3.42,RU,08-18-2020
dikson,73.51,80.55,49.80200000000008,94.0,26.0,4.83,RU,08-18-2020
buala,-8.14,159.59,85.49600000000005,65.0,71.0,0.51,SB,08-18-2020
carnarvon,-24.87,113.63,62.6,82.0,0.0,5.1,AU,08-18-2020
kapaa,22.08,-159.32,82.4,69.0,75.0,7.2,US,08-18-2020
tilichiki,60.47,166.1,59.12600000000009,42.0,0.0,5.78,RU,08-18-2020
camacha,33.08,-16.33,71.6,88.0,20.0,2.1,PT,08-18-2020
namibe,-15.2,12.15,57.63200000000002,83.0,11.0,1.26,AO,08-18-2020
sao felix do xingu,-6.64,-51.99,75.93800000000005,36.0,0.0,0.8,BR,08-18-2020
tra vinh,9.93,106.35,84.93800000000005,75.0,100.0,3.34,VN,08-18-2020
kodiak,57.79,-152.41,66.2,63.0,1.0,3.6,US,08-18-2020
ponta delgada,37.73,-25.67,73.4,94.0,75.0,10.8,PT,08-18-2020
qaanaaq,77.48,-69.36,42.69199999999999,61.0,100.0,2.86,GL,08-18-2020
brandfort,-28.7,26.46,44.6,30.0,94.0,4.6,ZA,08-18-2020
marawi,8.0,124.29,84.99199999999999,72.0,98.0,1.79,PH,08-18-2020
praia,14.92,-23.51,80.6,78.0,20.0,1.5,CV,08-18-2020
balkhash,46.84,74.98,68.0,45.0,40.0,4.0,KZ,08-18-2020
matay,28.42,30.78,72.95,79.0,0.0,5.38,EG,08-18-2020
ahuimanu,21.44,-157.84,87.8,58.0,40.0,5.1,US,08-18-2020
xining,36.62,101.77,58.766000000000005,51.0,0.0,1.05,CN,08-18-2020
touros,-5.2,-35.46,71.6,94.0,20.0,1.0,BR,08-18-2020
bulgan,48.81,103.53,57.43399999999999,67.0,0.0,1.69,MN,08-18-2020
marsh harbour,26.54,-77.06,84.48800000000004,71.0,69.0,3.01,BS,08-18-2020
lorengau,-2.02,147.27,82.72400000000002,80.0,19.0,4.49,PG,08-18-2020
bismil,37.85,40.67,73.4,77.0,0.0,2.1,TR,08-18-2020
vao,-22.67,167.48,69.31400000000004,72.0,0.0,8.09,NC,08-18-2020
narsaq,60.92,-46.05,57.2,54.0,56.0,1.0,GL,08-18-2020
mar del plata,-38.0,-57.56,50.0,65.0,0.0,2.6,AR,08-18-2020
east london,-33.02,27.91,53.74400000000007,66.0,26.0,11.82,ZA,08-18-2020
agadez,19.75,10.25,89.88800000000005,15.0,100.0,4.55,NE,08-18-2020
arraial do cabo,-22.97,-42.03,71.36600000000001,90.0,84.0,3.76,BR,08-18-2020
kayerkan,69.35,87.76,62.6,55.0,6.0,3.0,RU,08-18-2020
saint george,37.1,-113.58,109.4,5.0,1.0,2.1,US,08-18-2020
portland,45.52,-122.68,91.99400000000007,33.0,1.0,0.84,US,08-18-2020
ketchikan,55.34,-131.65,62.6,82.0,75.0,3.1,US,08-18-2020
panaba,21.28,-88.27,78.33200000000002,86.0,44.0,3.05,MX,08-18-2020
huntsville,34.73,-86.59,80.00600000000003,83.0,1.0,2.04,US,08-18-2020
tautira,-17.73,-149.15,82.4,65.0,75.0,5.1,PF,08-18-2020
nioro,13.35,-15.75,76.53200000000001,94.0,100.0,2.83,GM,08-18-2020
ancud,-41.87,-73.82,42.998000000000026,86.0,75.0,1.5,CL,08-18-2020
tual,-5.67,132.75,78.81800000000008,79.0,0.0,7.87,ID,08-18-2020
selenginsk,52.01,106.86,60.8,63.0,0.0,7.0,RU,08-18-2020
sao geraldo do araguaia,-6.4,-48.55,86.9,30.0,100.0,0.19,BR,08-18-2020
nikolskoye,59.7,30.79,51.998000000000026,93.0,47.0,1.0,RU,08-18-2020
henties bay,-22.12,14.28,50.0,85.0,0.0,3.64,NA,08-18-2020
kyaikto,17.3,97.02,77.97200000000004,87.0,100.0,2.35,MM,08-18-2020
avarua,-21.21,-159.78,71.6,73.0,96.0,4.1,CK,08-18-2020
carutapera,-1.2,-46.02,77.27000000000007,82.0,44.0,3.19,BR,08-18-2020
meulaboh,4.14,96.13,82.07600000000009,72.0,4.0,2.16,ID,08-18-2020
eagle pass,28.71,-100.5,86.0,42.0,1.0,3.1,US,08-18-2020
chuy,-33.7,-53.46,47.31800000000008,82.0,0.0,3.42,UY,08-18-2020
sayyan,15.17,44.32,65.28200000000001,56.0,65.0,1.75,YE,08-18-2020
batemans bay,-35.72,150.18,62.99600000000005,73.0,0.0,2.68,AU,08-18-2020
novokayakent,42.39,47.99,60.8,72.0,0.0,3.0,RU,08-18-2020
dabola,10.75,-11.12,72.59000000000002,92.0,77.0,1.21,GN,08-18-2020
kenai,60.55,-151.26,64.4,72.0,1.0,6.7,US,08-18-2020
nabire,-3.37,135.48,86.59400000000008,63.0,24.0,1.43,ID,08-18-2020
bathsheba,13.22,-59.52,77.0,88.0,75.0,6.2,BB,08-18-2020
huallanca,-9.9,-76.94,46.13000000000004,64.0,21.0,0.52,PE,08-18-2020
saskylakh,71.92,114.08,50.39600000000005,79.0,100.0,5.6,RU,08-18-2020
najran,17.49,44.13,82.4,28.0,89.0,1.47,SA,08-18-2020
puerto escondido,15.85,-97.07,77.0,69.0,90.0,2.1,MX,08-18-2020
puerto colombia,10.99,-74.95,75.2,94.0,75.0,1.0,CO,08-18-2020
tombouctou,20.0,-3.0,98.49199999999999,30.0,33.0,7.85,ML,08-18-2020
fuerte olimpo,-21.04,-57.87,68.54000000000002,98.0,68.0,0.49,PY,08-18-2020
hilo,19.73,-155.09,84.2,62.0,90.0,5.7,US,08-18-2020
antofagasta,-23.65,-70.4,57.2,67.0,90.0,3.1,CL,08-18-2020
cidreira,-30.18,-50.21,59.07200000000004,83.0,0.0,5.89,BR,08-18-2020
mahebourg,-20.41,57.7,71.6,78.0,40.0,6.7,MU,08-18-2020
mosquera,4.71,-74.23,55.4,93.0,40.0,1.0,CO,08-18-2020
asau,46.43,26.4,60.998000000000026,82.0,0.0,2.02,RO,08-18-2020
hede,33.77,120.25,85.51400000000004,81.0,0.0,3.64,CN,08-18-2020
evensk,61.95,159.23,59.432000000000016,43.0,38.0,1.68,RU,08-18-2020
santa vitoria do palmar,-33.52,-53.37,48.2,80.0,0.0,3.4,BR,08-18-2020
umm lajj,25.02,37.27,85.69400000000007,53.0,0.0,3.63,SA,08-18-2020
ahipara,-35.17,173.17,59.45,76.0,100.0,7.91,NZ,08-18-2020
vila franca do campo,37.72,-25.43,73.4,94.0,75.0,10.8,PT,08-18-2020
esperance,-33.87,121.9,50.0,100.0,75.0,8.7,AU,08-18-2020
butaritari,3.07,172.79,82.23800000000004,61.0,0.0,3.09,KI,08-18-2020
kununurra,-15.77,128.73,91.4,27.0,0.0,2.6,AU,08-18-2020
zheleznodorozhnyy,55.75,38.0,57.00200000000008,100.0,0.0,1.41,RU,08-18-2020
necochea,-38.55,-58.74,39.00200000000008,84.0,0.0,3.13,AR,08-18-2020
san patricio,19.22,-104.7,84.2,79.0,90.0,5.1,MX,08-18-2020
khatanga,71.97,102.5,61.03399999999999,81.0,100.0,4.57,RU,08-18-2020
at-bashi,41.17,75.81,61.88000000000004,51.0,10.0,0.53,KG,08-18-2020
provideniya,64.38,-173.3,51.8,71.0,100.0,5.0,RU,08-18-2020
delbruck,51.77,8.57,62.00600000000003,94.0,97.0,0.45,DE,08-18-2020
tabas,33.6,56.92,87.8,25.0,0.0,5.1,IR,08-18-2020
tecoanapa,16.52,-98.75,77.14400000000008,92.0,100.0,1.17,MX,08-18-2020
saldanha,-33.01,17.94,48.2,81.0,69.0,5.1,ZA,08-18-2020
kavaratti,10.57,72.64,81.68000000000004,80.0,62.0,5.63,IN,08-18-2020
vangaindrano,-23.35,47.6,64.13000000000004,95.0,14.0,1.65,MG,08-18-2020
isangel,-19.55,169.27,77.88200000000002,82.0,92.0,7.5,VU,08-18-2020
santa rosa,14.31,121.11,89.00600000000003,74.0,40.0,2.1,PH,08-18-2020
margate,51.38,1.39,66.00200000000008,87.0,4.0,7.43,GB,08-18-2020
tomatlan,19.93,-105.25,75.75800000000001,93.0,100.0,1.94,MX,08-18-2020
balagon,8.01,123.24,77.792,82.0,100.0,1.32,PH,08-18-2020
opuwo,-18.06,13.84,46.49000000000002,54.0,0.0,1.66,NA,08-18-2020
yulara,-25.24,130.99,64.4,18.0,0.0,4.6,AU,08-18-2020
roald,62.58,6.13,57.992,100.0,0.0,3.1,NO,08-18-2020
manggar,-2.88,108.27,82.72400000000002,77.0,100.0,5.86,ID,08-18-2020
mecca,21.43,39.83,89.69000000000003,26.0,19.0,2.35,SA,08-18-2020
port alfred,-33.59,26.89,50.702000000000076,67.0,45.0,14.33,ZA,08-18-2020
saint-philippe,-21.36,55.77,64.4,63.0,46.0,3.6,RE,08-18-2020
iqaluit,63.75,-68.51,42.8,87.0,40.0,3.6,CA,08-18-2020
lavrentiya,65.58,-171.0,52.39400000000008,72.0,100.0,1.1,RU,08-18-2020
tiznit,29.58,-9.5,67.316,41.0,0.0,0.33,MA,08-18-2020
geraldton,-28.77,114.6,57.2,87.0,90.0,1.5,AU,08-18-2020
tuktoyaktuk,69.45,-133.04,53.6,76.0,90.0,3.1,CA,08-18-2020
dwarka,22.24,68.97,82.76000000000008,86.0,81.0,6.8,IN,08-18-2020
maldonado,-34.67,-54.92,53.00600000000003,81.0,0.0,2.6,UY,08-18-2020
mackay,-21.15,149.2,80.00600000000003,1.0,0.0,6.2,AU,08-18-2020
atuona,-9.8,-139.03,78.85400000000006,75.0,1.0,7.71,PF,08-18-2020
cathedral city,33.78,-116.47,111.2,21.0,1.0,1.03,US,08-18-2020
del rio,29.36,-100.9,80.6,61.0,1.0,5.7,US,08-18-2020
tongzi,28.78,105.09,68.12600000000009,93.0,100.0,3.01,CN,08-18-2020
port-gentil,-0.72,8.78,75.74000000000002,84.0,95.0,5.93,GA,08-18-2020
pisco,-13.7,-76.22,62.6,82.0,17.0,3.6,PE,08-18-2020
kem,64.96,34.58,44.564000000000036,87.0,57.0,3.65,RU,08-18-2020
upernavik,72.79,-56.15,47.66000000000008,54.0,100.0,2.41,GL,08-18-2020
rio grande,-32.03,-52.1,42.998000000000026,94.0,0.0,3.57,BR,08-18-2020
hithadhoo,-0.6,73.08,83.192,77.0,39.0,4.53,MV,08-18-2020
mount isa,-20.73,139.5,91.4,11.0,0.0,5.1,AU,08-18-2020
brae,60.4,-1.35,57.2,93.0,89.0,7.2,GB,08-18-2020
maceio,-9.67,-35.74,71.6,94.0,40.0,1.5,BR,08-18-2020
beaverlodge,55.22,-119.44,82.4,34.0,20.0,3.67,CA,08-18-2020
saint-augustin,51.23,-58.65,57.02000000000006,89.0,0.0,2.55,CA,08-18-2020
port hardy,50.7,-127.42,75.2,57.0,20.0,4.6,CA,08-18-2020
cervo,43.67,-7.41,66.99199999999999,84.0,100.0,0.45,ES,08-18-2020
general pico,-35.66,-63.76,50.05400000000005,47.0,0.0,3.5,AR,08-18-2020
palmer,42.16,-72.33,69.8,83.0,75.0,2.6,US,08-18-2020
abonnema,4.71,6.79,75.68600000000006,88.0,100.0,2.09,NG,08-18-2020
codrington,-38.27,141.97,56.15600000000003,74.0,87.0,6.5,AU,08-18-2020
gizo,-8.1,156.84,80.83399999999999,83.0,100.0,7.98,SB,08-18-2020
imeni poliny osipenko,52.42,136.49,53.45600000000003,98.0,100.0,1.7,RU,08-18-2020
nyuksenitsa,60.41,44.24,42.26000000000008,88.0,36.0,2.19,RU,08-18-2020
kirakira,-10.45,161.92,83.37200000000004,77.0,100.0,2.22,SB,08-18-2020
hanover,52.37,9.73,64.4,93.0,94.0,2.6,DE,08-18-2020
jawhar,2.78,45.5,71.40200000000007,84.0,100.0,4.26,SO,08-18-2020
atamanovka,51.93,113.63,55.4,76.0,0.0,1.0,RU,08-18-2020
nouadhibou,20.93,-17.03,75.2,69.0,0.0,5.1,MR,08-18-2020
bengkulu,-3.8,102.27,81.10400000000006,78.0,95.0,2.2,ID,08-18-2020
bethel,41.37,-73.41,68.0,94.0,75.0,1.95,US,08-18-2020
vila velha,-20.33,-40.29,78.00800000000001,83.0,40.0,3.6,BR,08-18-2020
hofn,64.25,-15.21,52.34000000000002,91.0,0.0,1.56,IS,08-18-2020
orumiyeh,37.55,45.08,64.4,63.0,0.0,4.1,IR,08-18-2020
port augusta,-32.5,137.77,60.998000000000026,55.0,90.0,8.7,AU,08-18-2020
okha,53.57,142.95,60.8,71.0,100.0,2.72,RU,08-18-2020
katsuura,35.13,140.3,89.6,75.0,40.0,2.6,JP,08-18-2020
kampene,-3.6,26.67,70.75400000000005,72.0,55.0,0.86,CD,08-18-2020
fortuna,40.6,-124.16,64.99400000000007,79.0,100.0,0.89,US,08-18-2020
mezen,65.85,44.24,40.838000000000044,95.0,1.0,2.35,RU,08-18-2020
amarwara,22.3,79.17,73.32800000000006,95.0,100.0,2.91,IN,08-18-2020
westport,41.14,-73.36,71.00600000000003,98.0,82.0,3.78,US,08-18-2020
georgetown,5.41,100.34,84.2,83.0,20.0,2.1,MY,08-18-2020
buraydah,26.33,43.98,78.8,39.0,57.0,2.6,SA,08-18-2020
barrow,71.29,-156.79,51.8,76.0,1.0,9.3,US,08-18-2020
kardla,59.0,22.75,60.008,64.0,100.0,1.85,EE,08-18-2020
kaitong,44.81,123.15,78.17000000000006,64.0,59.0,4.84,CN,08-18-2020
beringovskiy,63.05,179.32,53.34800000000003,77.0,100.0,7.53,RU,08-18-2020
sambek,47.74,39.83,62.6,67.0,0.0,3.0,RU,08-18-2020
hibbing,47.43,-92.94,60.8,72.0,1.0,2.6,US,08-18-2020
portsmouth,50.8,-1.09,64.00400000000005,89.0,99.0,0.89,GB,08-18-2020
petropavlovsk-kamchatskiy,53.05,158.65,64.4,77.0,75.0,3.0,RU,08-18-2020
bambous virieux,-20.34,57.76,71.6,78.0,40.0,6.7,MU,08-18-2020
bezhanitsy,56.98,29.89,47.31800000000008,82.0,100.0,0.93,RU,08-18-2020
saint anthony,45.02,-93.22,71.6,46.0,1.0,3.1,US,08-18-2020
ostrovnoy,68.05,39.51,40.92800000000007,88.0,3.0,4.95,RU,08-18-2020
leningradskiy,69.38,178.42,45.788000000000046,58.0,83.0,2.12,RU,08-18-2020
las palmas,28.42,-14.01,73.4,73.0,3.0,5.1,ES,08-18-2020
sobolevo,54.43,31.9,56.408,94.0,0.0,2.15,RU,08-18-2020
khonsa,27.02,95.57,70.97000000000006,96.0,100.0,0.44,IN,08-18-2020
boguchany,58.38,97.45,64.65200000000007,48.0,0.0,2.61,RU,08-18-2020
teya,60.38,92.63,64.45400000000005,45.0,78.0,1.69,RU,08-18-2020
svobodnyy,51.4,128.13,58.73000000000004,89.0,97.0,7.1,RU,08-18-2020
gediz,39.04,29.41,62.11400000000003,60.0,0.0,2.48,TR,08-18-2020
cockburn town,21.46,-71.14,83.49800000000002,82.0,4.0,4.88,TC,08-18-2020
aulla,44.21,9.97,71.00600000000003,83.0,87.0,1.79,IT,08-18-2020
toora-khem,52.47,96.11,65.192,64.0,95.0,1.08,RU,08-18-2020
muli,2.92,73.57,82.92200000000004,66.0,78.0,0.55,MV,08-18-2020
puerto leguizamo,-0.19,-74.78,72.19400000000007,97.0,100.0,1.97,CO,08-18-2020
san felipe,10.34,-68.74,74.10200000000007,92.0,100.0,1.03,VE,08-18-2020
thaton,16.92,97.37,77.43200000000002,89.0,100.0,1.81,MM,08-18-2020
lima,-12.04,-77.03,60.8,82.0,90.0,6.2,PE,08-18-2020
hami,42.8,93.45,83.408,14.0,0.0,5.92,CN,08-18-2020
coolum beach,-26.53,153.1,73.99400000000007,40.0,0.0,0.89,AU,08-18-2020
cherskiy,68.75,161.3,45.266000000000005,81.0,100.0,6.65,RU,08-18-2020
victoria,22.29,114.16,84.00200000000008,74.0,64.0,2.68,HK,08-18-2020
erzin,36.96,36.2,75.00200000000008,92.0,0.0,1.04,TR,08-18-2020
havre-saint-pierre,50.23,-63.6,60.8,93.0,40.0,1.5,CA,08-18-2020
naron,43.52,-8.15,69.00800000000001,82.0,100.0,3.13,ES,08-18-2020
pavlovka,52.69,47.14,45.57200000000004,79.0,0.0,3.42,RU,08-18-2020
longyearbyen,78.22,15.64,46.4,75.0,75.0,5.1,SJ,08-18-2020
ponta do sol,32.67,-17.1,73.4,73.0,20.0,4.1,PT,08-18-2020
samandag,36.08,35.98,78.8,74.0,1.0,5.1,TR,08-18-2020
sterling,39.01,-77.43,71.99600000000005,88.0,20.0,3.1,US,08-18-2020
anaco,9.44,-64.47,74.57000000000006,93.0,100.0,0.9,VE,08-18-2020
castro,-24.79,-50.01,59.55800000000001,96.0,99.0,2.36,BR,08-18-2020
san cristobal,7.77,-72.22,67.71200000000006,87.0,98.0,0.94,VE,08-18-2020
shirone,37.77,139.02,86.0,78.0,40.0,3.1,JP,08-18-2020
barinas,8.62,-70.21,75.63200000000002,91.0,98.0,0.88,VE,08-18-2020
hadejia,12.45,10.04,79.89800000000002,71.0,100.0,3.98,NG,08-18-2020
mussomeli,37.58,13.75,71.99600000000005,81.0,0.0,2.36,IT,08-18-2020
gubkinskiy,64.43,76.5,57.07400000000001,77.0,100.0,6.07,RU,08-18-2020
kuryk,43.2,51.65,67.24400000000007,60.0,0.0,1.99,KZ,08-18-2020
lata,40.16,-8.33,71.00600000000003,92.0,100.0,0.87,PT,08-18-2020
broome,42.25,-75.83,68.0,68.0,20.0,2.6,US,08-18-2020
luderitz,-26.65,15.16,53.69000000000002,73.0,3.0,6.18,NA,08-18-2020
ullapool,57.9,-5.16,57.992,86.0,59.0,3.13,GB,08-18-2020
flinders,-34.58,150.86,69.00800000000001,51.0,0.0,4.47,AU,08-18-2020
torbay,47.67,-52.73,64.99400000000007,67.0,90.0,5.1,CA,08-18-2020
maun,-19.98,23.42,57.2,47.0,0.0,1.5,BW,08-18-2020
caravelas,-17.71,-39.25,71.87000000000006,86.0,0.0,2.69,BR,08-18-2020
churachandpur,24.33,93.67,73.4,100.0,75.0,0.53,IN,08-18-2020
sabang,5.89,95.32,82.77800000000006,74.0,0.0,4.83,ID,08-18-2020
faanui,-16.48,-151.75,78.62000000000006,73.0,10.0,5.31,PF,08-18-2020
korla,41.76,86.15,83.35400000000006,17.0,0.0,3.13,CN,08-18-2020
sorland,67.67,12.69,50.81000000000008,76.0,100.0,3.22,NO,08-18-2020
arnoldstein,46.55,13.71,60.998000000000026,96.0,98.0,0.89,AT,08-18-2020
puerto quijarro,-17.78,-57.77,76.26200000000006,76.0,11.0,1.64,BO,08-18-2020
aykhal,66.0,111.5,64.4,31.0,37.0,2.0,RU,08-18-2020
gornopravdinsk,60.05,69.9,55.508,94.0,71.0,3.28,RU,08-18-2020
chokurdakh,70.63,147.92,43.070000000000064,80.0,100.0,4.64,RU,08-18-2020
raudeberg,61.99,5.14,62.00600000000003,90.0,0.0,0.52,NO,08-18-2020
biltine,14.53,20.92,81.21200000000006,67.0,99.0,3.08,TD,08-18-2020
chernyshevskiy,63.01,112.47,65.408,40.0,0.0,1.56,RU,08-18-2020
conceicao do araguaia,-8.26,-49.26,79.44800000000002,29.0,0.0,1.13,BR,08-18-2020
salinas,36.68,-121.66,73.4,60.0,1.0,6.2,US,08-18-2020
kalang,5.92,121.36,82.67000000000006,71.0,64.0,2.15,PH,08-18-2020
los corrales de buelna,43.26,-4.07,66.00200000000008,85.0,100.0,1.34,ES,08-18-2020
dicabisagan,17.08,122.42,85.74800000000002,66.0,99.0,1.34,PH,08-18-2020
awjilah,29.11,21.29,77.81000000000009,50.0,0.0,3.8,LY,08-18-2020
easley,34.83,-82.6,75.2,94.0,75.0,2.6,US,08-18-2020
san joaquin,10.26,-67.79,74.24600000000005,88.0,100.0,2.36,VE,08-18-2020
dongying,37.46,118.49,93.092,56.0,0.0,3.96,CN,08-18-2020
oussouye,12.48,-16.55,78.8,100.0,75.0,2.1,SN,08-18-2020
tiksi,71.69,128.87,45.104000000000056,92.0,100.0,1.86,RU,08-18-2020
rantepao,-2.97,119.9,79.142,43.0,6.0,1.57,ID,08-18-2020
port pirie,-33.18,138.02,60.8,55.0,90.0,8.7,AU,08-18-2020
coari,-4.08,-63.14,80.29400000000007,59.0,49.0,1.07,BR,08-18-2020
birnin kebbi,12.45,4.2,78.89000000000001,79.0,16.0,4.01,NG,08-18-2020
kilemary,56.78,46.87,43.412000000000056,86.0,0.0,3.2,RU,08-18-2020
haines junction,60.75,-137.51,55.38200000000002,70.0,56.0,1.73,CA,08-18-2020
hasaki,35.73,140.83,91.00400000000005,62.0,75.0,6.2,JP,08-18-2020
nome,64.5,-165.41,69.00800000000001,52.0,1.0,7.2,US,08-18-2020
huarmey,-10.07,-78.15,59.27000000000006,85.0,13.0,3.69,PE,08-18-2020
champerico,14.3,-91.92,80.54600000000005,83.0,100.0,3.03,GT,08-18-2020
russell,32.35,-85.2,82.4,88.0,1.0,1.94,US,08-18-2020
houma,29.6,-90.72,82.99400000000007,88.0,1.0,1.73,US,08-18-2020
derzhavinsk,51.1,66.32,56.768000000000086,71.0,84.0,6.36,KZ,08-18-2020
charters towers,-20.1,146.27,78.566,18.0,0.0,3.29,AU,08-18-2020
kandila,38.7,20.93,73.4,94.0,20.0,0.91,GR,08-18-2020
pacific grove,36.62,-121.92,73.4,56.0,1.0,3.6,US,08-18-2020
tutoia,-2.76,-42.27,79.64600000000004,76.0,0.0,6.19,BR,08-18-2020
aracuai,-16.85,-42.07,71.42000000000006,74.0,0.0,1.51,BR,08-18-2020
boueni,-12.9,45.08,73.4,88.0,0.0,3.6,YT,08-18-2020
bontang,0.13,117.5,82.5260000000001,77.0,85.0,2.9,ID,08-18-2020
yablochnyy,47.17,142.07,62.6,82.0,75.0,3.0,RU,08-18-2020
bilibino,68.05,166.44,38.87600000000009,87.0,100.0,4.17,RU,08-18-2020
sao jose da coroa grande,-8.9,-35.15,74.08399999999999,83.0,47.0,4.88,BR,08-18-2020
vredendal,-31.67,18.5,45.59000000000002,77.0,4.0,3.39,ZA,08-18-2020
loandjili,-4.76,11.86,73.72400000000002,89.0,95.0,4.29,CG,08-18-2020
ambon,-3.7,128.18,84.2,74.0,40.0,3.6,ID,08-18-2020
rosetta,31.4,30.42,78.8,78.0,40.0,5.1,EG,08-18-2020
buchanan,5.88,-10.05,75.86600000000001,85.0,99.0,3.82,LR,08-18-2020
mehamn,71.04,27.85,47.62400000000001,78.0,99.0,7.34,NO,08-18-2020
koulikoro,14.0,-7.75,79.05200000000008,78.0,78.0,3.3,ML,08-18-2020
along,28.17,94.77,78.0260000000001,82.0,74.0,0.22,IN,08-18-2020
lasa,46.62,10.7,55.4,100.0,40.0,2.1,IT,08-18-2020
nelson bay,-32.72,152.15,60.008,62.0,75.0,4.1,AU,08-18-2020
richards bay,-28.78,32.04,64.79600000000005,70.0,12.0,6.67,ZA,08-18-2020
husavik,66.04,-17.34,46.4,100.0,68.0,1.5,IS,08-18-2020
arman,59.7,150.17,58.280000000000044,71.0,100.0,1.79,RU,08-18-2020
alice springs,-23.7,133.88,75.00200000000008,24.0,0.0,4.1,AU,08-18-2020
broken hill,-31.95,141.43,60.8,31.0,0.0,4.6,AU,08-18-2020
upata,8.01,-62.4,78.00800000000001,93.0,100.0,0.89,VE,08-18-2020
tambura,5.6,27.47,69.49400000000007,93.0,100.0,0.82,SS,08-18-2020
sorong,-0.88,131.25,81.96800000000009,80.0,100.0,6.22,ID,08-18-2020
grand island,40.92,-98.34,80.6,57.0,1.0,1.5,US,08-18-2020
qandala,11.47,49.87,89.34800000000003,48.0,81.0,4.02,SO,08-18-2020
katubao,5.89,124.83,85.04600000000005,63.0,62.0,2.25,PH,08-18-2020
honiara,-9.43,159.95,89.6,62.0,20.0,3.1,SB,08-18-2020
henderson,36.04,-114.98,111.2,8.0,1.0,1.74,US,08-18-2020
gushikawa,26.35,127.87,89.6,66.0,40.0,5.1,JP,08-18-2020
port blair,11.67,92.75,83.26400000000004,75.0,100.0,6.67,IN,08-18-2020
santa fe,-31.63,-60.7,59.0,45.0,0.0,2.62,AR,08-18-2020
araouane,18.9,-3.53,96.04400000000007,34.0,92.0,8.12,ML,08-18-2020
anito,12.45,125.29,87.15200000000007,65.0,28.0,2.84,PH,08-18-2020
taltal,-25.4,-70.48,51.58399999999999,74.0,20.0,1.7,CL,08-18-2020
bandarbeyla,9.49,50.81,75.72200000000004,71.0,94.0,13.55,SO,08-18-2020
samarai,-10.62,150.67,76.64000000000001,58.0,0.0,3.57,PG,08-18-2020
kieta,-6.22,155.63,83.516,74.0,10.0,0.68,PG,08-18-2020
sao filipe,14.9,-24.5,78.09800000000003,86.0,43.0,0.63,CV,08-18-2020
alofi,-19.06,-169.92,77.0,73.0,75.0,6.7,NU,08-18-2020
itoman,26.12,127.67,89.6,70.0,40.0,5.1,JP,08-18-2020
maragogi,-9.01,-35.22,73.23800000000004,84.0,25.0,4.65,BR,08-18-2020
saint-joseph,-21.37,55.62,64.4,63.0,34.0,3.6,RE,08-18-2020
kahului,20.89,-156.47,87.8,52.0,40.0,9.8,US,08-18-2020
mahibadhoo,3.78,72.97,82.99400000000007,66.0,27.0,0.8,MV,08-18-2020
tateyama,34.98,139.87,96.00800000000001,75.0,40.0,2.6,JP,08-18-2020
nanortalik,60.14,-45.24,48.038000000000046,72.0,100.0,0.8,GL,08-18-2020
sehithwa,-20.47,22.72,59.46800000000009,31.0,0.0,3.08,BW,08-18-2020
arica,-18.48,-70.3,57.97400000000001,77.0,99.0,1.39,CL,08-18-2020
halifax,44.65,-63.57,60.008,93.0,100.0,1.34,CA,08-18-2020
san carlos de bariloche,-41.15,-71.31,41.0,60.0,21.0,14.4,AR,08-18-2020
mazagao,-0.12,-51.29,84.2,79.0,20.0,5.7,BR,08-18-2020
guerande,47.33,-2.43,60.8,93.0,93.0,1.5,FR,08-18-2020
sinazongwe,-17.26,27.46,66.86600000000001,35.0,0.0,2.43,ZM,08-18-2020
diego de almagro,-26.37,-70.05,40.56800000000008,77.0,0.0,0.17,CL,08-18-2020
los llanos de aridane,28.66,-17.92,71.6,78.0,4.0,4.1,ES,08-18-2020
komsomolskiy,40.43,71.72,73.4,64.0,75.0,1.0,UZ,08-18-2020
nazareno,25.38,-103.42,84.2,45.0,75.0,6.67,MX,08-18-2020
kijang,35.24,129.21,89.6,62.0,20.0,2.1,KR,08-18-2020
channel-port aux basques,47.57,-59.14,61.088000000000044,73.0,4.0,3.29,CA,08-18-2020
kutum,14.2,24.67,68.88200000000002,84.0,100.0,7.65,SD,08-18-2020
beboto,8.27,16.94,70.30400000000006,94.0,100.0,1.32,TD,08-18-2020
naze,28.37,129.48,89.6,70.0,20.0,4.1,JP,08-18-2020
chifeng,42.27,118.96,70.39400000000008,64.0,100.0,1.8,CN,08-18-2020
gebze,40.8,29.43,64.4,82.0,0.0,2.1,TR,08-18-2020
qinzhou,21.95,108.62,78.87200000000004,90.0,100.0,1.27,CN,08-18-2020
northam,51.03,-4.22,60.008,95.0,73.0,3.13,GB,08-18-2020
terre haute,39.47,-87.41,75.2,69.0,1.0,1.5,US,08-18-2020
panjab,34.39,67.02,58.91000000000008,38.0,0.0,1.82,AF,08-18-2020
kruisfontein,-34.0,24.73,46.99400000000007,70.0,58.0,6.26,ZA,08-18-2020
ilulissat,69.22,-51.1,44.6,56.0,80.0,1.5,GL,08-18-2020
ust-tsilma,65.44,52.15,46.49000000000002,96.0,100.0,1.95,RU,08-18-2020
hobyo,5.35,48.53,75.38000000000004,71.0,12.0,9.29,SO,08-18-2020
boa vista,2.82,-60.67,80.6,83.0,20.0,0.5,BR,08-18-2020
zubtsov,56.18,34.59,48.74000000000002,87.0,15.0,1.75,RU,08-18-2020
tuatapere,-46.13,167.68,52.52000000000006,48.0,100.0,0.94,NZ,08-18-2020
tabat,-2.63,115.23,87.89000000000001,56.0,33.0,0.75,ID,08-18-2020
garachine,8.06,-78.36,79.358,84.0,100.0,2.36,PA,08-18-2020
yayva,59.33,57.26,53.99600000000005,100.0,100.0,1.96,RU,08-18-2020
kalat,29.02,66.59,74.46200000000006,60.0,0.0,1.49,PK,08-18-2020
poum,-20.23,164.02,70.05200000000008,74.0,92.0,8.37,NC,08-18-2020
abu zabad,12.35,29.25,72.96800000000009,88.0,86.0,3.36,SD,08-18-2020
palmas,-10.21,-48.36,80.6,47.0,45.0,3.6,BR,08-18-2020
clyde river,70.47,-68.59,55.4,76.0,90.0,8.2,CA,08-18-2020
conceicao do mato dentro,-19.04,-43.42,62.20400000000005,91.0,1.0,0.16,BR,08-18-2020
salalah,17.02,54.09,77.0,100.0,90.0,2.1,OM,08-18-2020
chillan,-36.61,-72.1,44.6,100.0,19.0,2.6,CL,08-18-2020
anadyr,64.75,177.48,57.2,50.0,0.0,6.0,RU,08-18-2020
moissac,44.1,1.09,66.00200000000008,88.0,53.0,1.0,FR,08-18-2020
olafsvik,64.89,-23.71,55.43600000000007,80.0,94.0,2.71,IS,08-18-2020
constitucion,-35.33,-72.42,47.31800000000008,84.0,1.0,4.56,CL,08-18-2020
la asuncion,11.03,-63.86,91.4,66.0,97.0,3.1,VE,08-18-2020
faya,18.39,42.45,69.8,55.0,59.0,2.62,SA,08-18-2020
port lincoln,-34.73,135.87,57.43399999999999,66.0,93.0,10.21,AU,08-18-2020
dingle,11.0,122.67,83.858,77.0,100.0,2.36,PH,08-18-2020
talnakh,69.49,88.4,62.6,55.0,0.0,3.0,RU,08-18-2020
kandrian,-6.22,149.55,82.292,65.0,1.0,6.4,PG,08-18-2020
gejiu,23.31,103.16,59.432000000000016,100.0,100.0,1.4,CN,08-18-2020
shihezi,44.3,86.03,86.91800000000009,18.0,48.0,2.46,CN,08-18-2020
kentau,43.52,68.51,65.71400000000003,41.0,97.0,2.34,KZ,08-18-2020
jalu,29.03,21.55,77.81000000000009,50.0,0.0,4.1,LY,08-18-2020
kaka,37.35,59.61,70.142,30.0,0.0,0.63,TM,08-18-2020
sur,22.57,59.53,88.10600000000002,57.0,63.0,3.04,OM,08-18-2020
canelones,-34.64,-56.29,50.0,57.0,0.0,3.1,UY,08-18-2020
belmonte,-15.86,-38.88,69.8,94.0,20.0,1.0,BR,08-18-2020
north shields,55.02,-1.45,59.0,93.0,90.0,0.5,GB,08-18-2020
qaqortoq,60.72,-46.03,57.2,54.0,89.0,1.0,GL,08-18-2020
catamarca,-28.47,-65.79,39.00200000000008,67.0,0.0,0.45,AR,08-18-2020
avera,33.19,-82.53,75.2,86.0,90.0,3.35,US,08-18-2020
kabo,7.7,18.63,71.25800000000001,96.0,95.0,1.01,CF,08-18-2020
iwaki,37.05,140.88,89.00600000000003,66.0,3.0,3.13,JP,08-18-2020
deloraine,-41.53,146.67,53.99600000000005,93.0,90.0,5.7,AU,08-18-2020
belaya,49.03,25.77,66.99199999999999,61.0,51.0,1.34,UA,08-18-2020
talcahuano,-36.72,-73.12,48.2,87.0,20.0,3.1,CL,08-18-2020
toamasina,-18.17,49.38,66.39800000000002,85.0,23.0,3.19,MG,08-18-2020
hondo,32.45,130.2,87.8,66.0,20.0,3.1,JP,08-18-2020
la rioja,42.25,-2.5,66.2,93.0,75.0,0.96,ES,08-18-2020
acari,-15.43,-74.62,59.108000000000004,68.0,39.0,0.83,PE,08-18-2020
kharovsk,59.96,40.19,46.67000000000006,75.0,99.0,2.24,RU,08-18-2020
ornes,66.87,13.71,50.0,81.0,75.0,1.5,NO,08-18-2020
chimbote,-9.09,-78.58,59.86400000000003,85.0,50.0,4.38,PE,08-18-2020
altay,47.87,88.12,73.65200000000007,23.0,0.0,0.73,CN,08-18-2020
khasan,42.43,130.64,79.10600000000002,73.0,100.0,1.45,RU,08-18-2020
kindu,-2.95,25.95,71.96000000000008,76.0,41.0,1.03,CD,08-18-2020
khandyga,62.67,135.6,54.842,53.0,100.0,0.73,RU,08-18-2020
vyskov,49.28,17.0,66.2,88.0,40.0,1.5,CZ,08-18-2020
tshikapa,-6.42,20.8,72.24800000000002,62.0,83.0,0.39,CD,08-18-2020
karratha,-20.74,116.85,71.49199999999999,22.0,0.0,4.55,AU,08-18-2020
aldan,58.6,125.39,49.51400000000003,70.0,99.0,2.33,RU,08-18-2020
guaraciaba do norte,-4.17,-40.75,69.13399999999999,59.0,36.0,1.38,BR,08-18-2020
coos bay,43.37,-124.22,78.00800000000001,82.0,75.0,4.6,US,08-18-2020
neiafu,-18.65,-173.98,77.0,88.0,75.0,6.2,TO,08-18-2020
ondjiva,-17.07,15.73,53.51000000000008,40.0,0.0,3.85,AO,08-18-2020
shelburne,44.08,-80.2,62.6,82.0,1.0,1.0,CA,08-18-2020
mogadishu,2.04,45.34,74.87600000000009,84.0,100.0,5.84,SO,08-18-2020
kachug,53.96,105.88,63.89600000000005,49.0,3.0,2.04,RU,08-18-2020
ust-barguzin,53.45,108.98,62.69000000000002,59.0,0.0,0.35,RU,08-18-2020
havoysund,71.0,24.66,46.4,87.0,75.0,15.4,NO,08-18-2020
wanaka,-44.7,169.15,51.27800000000006,46.0,97.0,2.27,NZ,08-18-2020
outjo,-20.12,16.15,40.71200000000006,61.0,0.0,2.48,NA,08-18-2020
lerwick,60.15,-1.15,57.2,93.0,47.0,7.2,GB,08-18-2020
pitimbu,-7.47,-34.81,73.4,88.0,20.0,3.1,BR,08-18-2020
mersing,2.43,103.84,78.8,94.0,20.0,2.6,MY,08-18-2020
deputatskiy,69.3,139.9,47.39000000000002,57.0,98.0,2.33,RU,08-18-2020
anloga,5.79,0.9,75.2,88.0,20.0,4.6,GH,08-18-2020
vozrozhdeniye,44.55,38.21,55.99400000000007,79.0,0.0,3.05,RU,08-18-2020
emerald,-23.53,148.17,82.00400000000005,20.0,0.0,4.1,AU,08-18-2020
thinadhoo,0.53,72.93,84.39800000000002,67.0,86.0,2.69,MV,08-18-2020
port hedland,-20.32,118.57,73.4,17.0,0.0,7.7,AU,08-18-2020
sept-iles,50.2,-66.38,62.99600000000005,93.0,40.0,2.6,CA,08-18-2020
cheveresu mare,45.67,21.49,64.4,88.0,58.0,3.6,RO,08-18-2020
helong,42.54,129.0,84.02000000000007,59.0,74.0,5.42,CN,08-18-2020
namatanai,-3.67,152.43,83.408,70.0,15.0,4.29,PG,08-18-2020
dunnville,42.9,-79.62,64.00400000000005,93.0,82.0,4.34,CA,08-18-2020
college,64.86,-147.8,71.6,35.0,20.0,2.6,US,08-18-2020
were ilu,10.6,39.43,51.74600000000005,90.0,87.0,0.63,ET,08-18-2020
padang,-0.95,100.35,80.43800000000005,67.0,89.0,1.12,ID,08-18-2020
lunino,53.59,45.23,51.998000000000026,57.0,0.0,1.99,RU,08-18-2020
trelew,-43.25,-65.31,53.6,30.0,40.0,6.2,AR,08-18-2020
notse,6.95,1.17,72.06800000000008,89.0,58.0,3.35,TG,08-18-2020
vaitape,-16.52,-151.75,79.44800000000002,72.0,11.0,5.34,PF,08-18-2020
maudaha,25.68,80.12,85.208,78.0,94.0,2.65,IN,08-18-2020
senden,48.32,10.04,60.998000000000026,87.0,99.0,3.1,DE,08-18-2020
ouadda,8.08,22.4,67.38800000000005,95.0,100.0,0.31,CF,08-18-2020
caruray,10.31,119.01,84.25400000000005,74.0,100.0,3.14,PH,08-18-2020
ferkessedougou,9.6,-5.2,72.77000000000007,93.0,85.0,1.41,CI,08-18-2020
kolokani,13.57,-8.03,77.558,81.0,85.0,2.68,ML,08-18-2020
hamilton,39.18,-84.53,75.99199999999999,73.0,40.0,1.83,US,08-18-2020
santa cruz de la palma,28.68,-17.76,71.6,78.0,13.0,4.1,ES,08-18-2020
kampong thum,12.71,104.89,84.23600000000008,78.0,68.0,0.9,KH,08-18-2020
bundaberg,-24.85,152.35,77.0,30.0,0.0,3.6,AU,08-18-2020
kupang,-10.17,123.58,86.0,45.0,20.0,4.6,ID,08-18-2020
jorpeland,59.02,6.04,68.0,93.0,20.0,2.56,NO,08-18-2020
bichura,50.59,107.6,62.168000000000085,60.0,2.0,1.14,RU,08-18-2020
mareeba,-17.0,145.43,80.00600000000003,45.0,28.0,0.89,AU,08-18-2020
tazovskiy,67.47,78.7,55.148000000000025,94.0,51.0,4.1,RU,08-18-2020
nishihara,26.18,127.76,89.6,70.0,75.0,4.6,JP,08-18-2020
minab,27.15,57.08,84.2,83.0,35.0,0.92,IR,08-18-2020
manta,-0.95,-80.73,71.6,83.0,90.0,4.6,EC,08-18-2020
barsovo,61.17,73.17,57.2,100.0,90.0,4.0,RU,08-18-2020
valparaiso,-33.04,-71.63,42.8,100.0,0.0,1.5,CL,08-18-2020
razole,16.48,81.83,79.75400000000005,85.0,99.0,4.23,IN,08-18-2020
massaguet,12.48,15.44,78.692,79.0,100.0,3.22,TD,08-18-2020
alzenau,50.08,9.07,64.00400000000005,92.0,100.0,1.52,DE,08-18-2020
dillingen,49.35,6.73,62.00600000000003,99.0,100.0,1.53,DE,08-18-2020
dromolaxia,34.88,33.59,75.2,78.0,20.0,1.0,CY,08-18-2020
san-pedro,4.75,-6.64,74.516,84.0,100.0,3.67,CI,08-18-2020
rovaniemi,66.5,25.72,44.6,75.0,26.0,1.5,FI,08-18-2020
acapulco,16.86,-99.89,73.4,100.0,90.0,3.6,MX,08-18-2020
tougan,13.07,-3.07,79.61000000000008,77.0,100.0,2.11,BF,08-18-2020
grand gaube,-20.01,57.66,68.0,84.0,0.0,0.89,MU,08-18-2020
birin,26.89,88.07,68.86400000000003,97.0,23.0,1.41,NP,08-18-2020
laguna,38.42,-121.42,95.0,36.0,1.0,6.2,US,08-18-2020
gewane,10.17,40.65,81.66200000000006,59.0,22.0,4.16,ET,08-18-2020
miles city,46.41,-105.84,91.4,17.0,1.0,2.6,US,08-18-2020
suez,29.97,32.53,72.75200000000008,85.0,0.0,2.91,EG,08-18-2020
lons-le-saunier,46.75,5.75,60.008,75.0,100.0,0.45,FR,08-18-2020
palora,-1.7,-77.93,66.05600000000003,95.0,59.0,1.45,EC,08-18-2020
secunda,-26.55,29.17,48.00200000000008,93.0,63.0,1.34,ZA,08-18-2020
balkanabat,39.51,54.37,73.72400000000002,40.0,15.0,0.79,TM,08-18-2020
fredonia,42.44,-79.33,66.99199999999999,88.0,40.0,2.1,US,08-18-2020
kachiry,53.07,76.1,65.10200000000007,55.0,100.0,3.35,KZ,08-18-2020
badulla,6.99,81.06,75.75800000000001,55.0,31.0,1.35,LK,08-18-2020
axim,4.87,-2.24,73.94000000000003,87.0,16.0,3.77,GH,08-18-2020
gao,16.64,1.64,86.81000000000009,49.0,29.0,5.04,ML,08-18-2020
waddan,29.16,16.14,79.03399999999999,32.0,0.0,1.76,LY,08-18-2020
sao gabriel da cachoeira,-0.13,-67.09,74.33600000000007,96.0,53.0,0.78,BR,08-18-2020
baicoi,45.03,25.85,62.6,72.0,0.0,3.1,RO,08-18-2020
cayenne,4.93,-52.33,78.8,88.0,30.0,2.1,GF,08-18-2020
secuieni,46.65,27.1,64.4,68.0,0.0,4.6,RO,08-18-2020
san quintin,30.48,-115.95,75.93800000000005,67.0,0.0,2.97,MX,08-18-2020
bowen,-20.02,148.23,78.99800000000002,41.0,0.0,4.6,AU,08-18-2020
birao,10.28,22.79,71.43800000000005,94.0,100.0,1.46,CF,08-18-2020
karema,-6.82,30.44,71.74400000000007,41.0,100.0,5.59,TZ,08-18-2020
santa marta,11.24,-74.2,80.40200000000007,83.0,100.0,4.34,CO,08-18-2020
parana,-31.73,-60.52,59.0,45.0,0.0,3.12,AR,08-18-2020
zhezkazgan,47.8,67.71,53.6,66.0,0.0,5.0,KZ,08-18-2020
linares,-35.85,-71.6,42.49400000000007,89.0,22.0,1.81,CL,08-18-2020
assiniboia,49.63,-105.98,83.642,23.0,90.0,3.71,CA,08-18-2020
malatya,38.5,38.0,60.8,48.0,0.0,3.1,TR,08-18-2020
ravar,31.27,56.81,74.80400000000006,35.0,53.0,2.05,IR,08-18-2020
kollo,13.3,2.34,77.0,100.0,40.0,3.1,NE,08-18-2020
sanchez,19.23,-69.61,79.32200000000003,89.0,27.0,2.58,DO,08-18-2020
coahuayana,18.73,-103.68,75.2,88.0,90.0,4.1,MX,08-18-2020
ankazoabo,-22.28,44.52,61.46600000000001,74.0,0.0,2.24,MG,08-18-2020
foundiougne,14.13,-16.47,80.90600000000003,79.0,100.0,4.8,SN,08-18-2020
rocha,-34.48,-54.33,43.84400000000007,85.0,0.0,3.12,UY,08-18-2020
myra,45.44,12.13,69.00800000000001,93.0,69.0,2.1,IT,08-18-2020
vanimo,-2.67,141.3,86.25200000000008,61.0,65.0,3.04,PG,08-18-2020
klyuchi,52.27,79.17,67.02800000000006,57.0,100.0,4.51,RU,08-18-2020
bangassou,4.74,22.82,70.52000000000007,96.0,100.0,0.68,CF,08-18-2020
atambua,-9.11,124.89,83.80400000000006,43.0,0.0,1.3,ID,08-18-2020
bella union,-30.28,-57.6,50.288000000000046,70.0,0.0,3.16,UY,08-18-2020
pochutla,15.74,-96.47,75.99199999999999,96.0,98.0,2.11,MX,08-18-2020
saint-georges,12.06,-61.75,80.6,88.0,75.0,2.6,GD,08-18-2020
usolye-sibirskoye,52.75,103.65,62.81600000000001,50.0,50.0,4.98,RU,08-18-2020
casino,-28.87,153.05,71.99600000000005,30.0,0.0,2.6,AU,08-18-2020
